,PERMNO,date,TICKER,TRDSTAT,FACPR,PRC,VOL,sprtrn
8886340,57913,20160413,AVIR,A,,1.63,8894,0.01004
8886341,57913,20160414,AVIR,A,,1.61,9888,0.000173
8886342,57913,20160415,AVIR,A,,1.46,32614,-0.000984
8886343,57913,20160418,AVIR,A,,1.36,25391,0.006541
8886344,57913,20160419,AVIR,A,,1.525,173830,0.003085
8886345,57913,20160420,AVIR,A,,1.53,11242,0.000762
8886346,57913,20160421,AVIR,A,,1.55,21212,-0.005194
8886347,57913,20160422,AVIR,A,,1.5,8787,4.80E-05
8886348,57913,20160425,AVIR,A,,1.59,54804,-0.001812
8886349,57913,20160426,AVIR,A,,1.53,33037,0.001873
8886350,57913,20160427,AVIR,A,,1.5,18779,0.001649
8886351,57913,20160428,AVIR,A,,1.58,14350,-0.009231
8886352,57913,20160429,AVIR,A,,1.5852,4817,-0.005063
8886353,57913,20160502,AVIR,A,,1.6,11283,0.00781
8886354,57913,20160503,AVIR,A,,1.57,6122,-0.008677
8886355,57913,20160504,AVIR,A,,1.55,23291,-0.005937
8886356,57913,20160505,AVIR,A,,1.62,19256,-0.000239
8886357,57913,20160506,AVIR,A,,1.61,11304,0.003175
8886358,57913,20160509,AVIR,A,,1.61,19184,0.000753
8886359,57913,20160510,AVIR,A,,1.55,24875,0.012484
8886360,57913,20160511,AVIR,A,,1.56,7648,-0.009562
8886361,57913,20160512,AVIR,A,,1.5,334948,-0.00017
8886362,57913,20160513,AVIR,A,,1.54,20211,-0.008478
8886363,57913,20160516,AVIR,A,,1.56,31863,0.009797
8886364,57913,20160517,AVIR,A,,1.57,10677,-0.009411
8886365,57913,20160518,AVIR,A,,1.59,14384,0.000205
8886366,57913,20160519,AVIR,A,,1.6,999,-0.003707
8886367,57913,20160520,AVIR,A,,1.6,6418,0.006019
8886368,57913,20160523,AVIR,A,,1.62,3423,-0.002085
8886369,57913,20160524,AVIR,A,,1.58,3135,0.013681
8886370,57913,20160525,AVIR,A,,1.6,13337,0.006975
8886371,57913,20160526,AVIR,A,,1.59,59463,-0.00021
8886372,57913,20160527,AVIR,A,,1.45,118100,0.004287
8886373,57913,20160531,AVIR,A,,1.4748,18395,-0.001
8886374,57913,20160601,AVIR,A,,1.48,6048,0.00113
8886375,57913,20160602,AVIR,A,,1.45,36518,0.002825
8886376,57913,20160603,AVIR,A,,1.4616,4517,-0.002912
8886377,57913,20160606,AVIR,A,,1.48,22573,0.004897
8886378,57913,20160607,AVIR,A,,1.46,13891,0.001289
8886379,57913,20160608,AVIR,A,,1.5,31902,0.003309
8886380,57913,20160609,AVIR,A,,1.4532,17650,-0.001718
8886381,57913,20160610,AVIR,A,,1.43,24120,-0.009175
8886382,57913,20160613,AVIR,A,,1.44,4747,-0.008115
8886383,57913,20160614,AVIR,A,,1.38,26845,-0.001799
8886384,57913,20160615,AVIR,A,,1.4015,14886,-0.001841
8886385,57913,20160616,AVIR,A,,1.45,214717,0.003133
8886386,57913,20160617,AVIR,A,,1.44,14799,-0.003258
8886387,57913,20160620,AVIR,A,,1.41,16433,0.005808
8886388,57913,20160621,AVIR,A,,1.39,24190,0.002712
8886389,57913,20160622,AVIR,A,,1.4,8796,-0.001652
8886390,57913,20160623,AVIR,A,,1.38,13194,0.013364
8886391,57913,20160624,AVIR,A,,1.39,13232,-0.03592
8886392,57913,20160627,AVIR,A,,1.39,17372,-0.018097
8886393,57913,20160628,AVIR,A,,1.39,74439,0.01777
8886394,57913,20160629,AVIR,A,,1.43,65135,0.017033
8886395,57913,20160630,AVIR,A,,1.4,34608,0.013565
8886396,57913,20160701,AVIR,A,,1.4,28802,0.001949
8886397,57913,20160705,AVIR,A,,1.42,4881,-0.006848
8886398,57913,20160706,AVIR,A,,1.4,19340,0.005353
8886399,57913,20160707,AVIR,A,,1.4,1838,-0.000872
8886400,57913,20160708,AVIR,A,,1.4,21329,0.015253
8886401,57913,20160711,AVIR,A,,1.43,40448,0.003409
8886402,57913,20160712,AVIR,A,,1.43,33552,0.007009
8886403,57913,20160713,AVIR,A,,1.45,411147,0.000135
8886404,57913,20160714,AVIR,A,,1.44,34770,0.005259
8886405,57913,20160715,AVIR,A,,1.38,93784,-0.000929
8886406,57913,20160718,AVIR,A,,1.375,77557,0.002382
8886407,57913,20160719,AVIR,A,,1.38,15092,-0.001435
8886408,57913,20160720,AVIR,A,,1.4,7826,0.00427
8886409,57913,20160721,AVIR,A,,1.39,6240,-0.003612
8886410,57913,20160722,AVIR,A,,1.36,21119,0.004554
8886411,57913,20160725,AVIR,A,,1.37,2649,-0.003011
8886412,57913,20160726,AVIR,A,,1.37,6271,0.000323
8886413,57913,20160727,AVIR,A,,1.34,20918,-0.001199
8886414,57913,20160728,AVIR,A,,1.36,33499,0.001606
8886415,57913,20160729,AVIR,A,,1.37,96130,0.001631
8886416,57913,20160801,AVIR,A,,1.35,17865,-0.00127
8886417,57913,20160802,AVIR,A,,1.34,6875,-0.006362
8886418,57913,20160803,AVIR,A,,1.33,36058,0.003134
8886419,57913,20160804,AVIR,A,,1.33,208607,0.000213
8886420,57913,20160805,AVIR,A,,1.32,68271,0.008603
8886421,57913,20160808,AVIR,A,,1.4,36794,-0.000907
8886422,57913,20160809,AVIR,A,,1.35,26841,0.00039
8886423,57913,20160810,AVIR,A,,1.34,19263,-0.002865
8886424,57913,20160811,AVIR,A,,1.3,25441,0.004735
8886425,57913,20160812,AVIR,A,,1.3499,21506,-0.000796
8886426,57913,20160815,AVIR,A,,1.35,22827,0.002793
8886427,57913,20160816,AVIR,A,,1.34,4817,-0.005479
8886428,57913,20160817,AVIR,A,,1.35,68910,0.001869
8886429,57913,20160818,AVIR,A,,1.4,38377,0.0022
8886430,57913,20160819,AVIR,A,,1.4,14435,-0.00144
8886431,57913,20160822,AVIR,A,,1.4,21785,-0.000563
8886432,57913,20160823,AVIR,A,,1.42,12151,0.001952
8886433,57913,20160824,AVIR,A,,1.4,5493,-0.00524
8886434,57913,20160825,AVIR,A,,1.33,2334,-0.001365
8886435,57913,20160826,AVIR,A,,1.35,22421,-0.001579
8886436,57913,20160829,AVIR,A,,1.3354,87762,0.005228
8886437,57913,20160830,AVIR,A,,1.34,22426,-0.001954
8886438,57913,20160831,AVIR,A,,1.3301,22529,-0.002376
8886439,57913,20160901,AVIR,A,,1.33,30104,-4.10E-05
8886440,57913,20160902,AVIR,A,,1.33,27145,0.004201
8886441,57913,20160906,AVIR,A,,1.33,48615,0.002982
8886442,57913,20160907,AVIR,A,,1.36,51116,-0.000146
8886443,57913,20160908,AVIR,A,,1.4,110917,-0.002223
8886444,57913,20160909,AVIR,A,,1.36,55511,-0.024522
8886445,57913,20160912,AVIR,A,,1.42,29055,0.014677
8886446,57913,20160913,AVIR,A,,1.41,56173,-0.014831
8886447,57913,20160914,AVIR,A,,1.42,80653,-0.000588
8886448,57913,20160915,AVIR,A,,1.41,22432,0.010109
8886449,57913,20160916,AVIR,A,,1.58,94463,-0.003772
8886450,57913,20160919,AVIR,A,,1.51,26807,-1.90E-05
8886451,57913,20160920,AVIR,A,,1.6,96386,0.000299
8886452,57913,20160921,AVIR,A,,1.65,109343,0.010917
8886453,57913,20160922,AVIR,A,,1.68,80705,0.0065
8886454,57913,20160923,AVIR,A,,1.66,70694,-0.005737
8886455,57913,20160926,AVIR,A,,1.86,222554,-0.008588
8886456,57913,20160927,AVIR,A,,1.9,170556,0.006444
8886457,57913,20160928,AVIR,A,,1.94,145199,0.005296
8886458,57913,20160929,AVIR,A,,1.93,125715,-0.009321
8886459,57913,20160930,AVIR,A,,1.92,64566,0.007968
8886460,57913,20161003,AVIR,A,,1.77,96748,-0.003261
8886461,57913,20161004,AVIR,A,,1.8,98673,-0.004956
8886462,57913,20161005,AVIR,A,,1.85,83394,0.004297
8886463,57913,20161006,AVIR,A,,1.76,101609,0.000482
8886464,57913,20161007,AVIR,A,,1.75,33928,-0.003253
8886465,57913,20161010,AVIR,A,,1.74,26542,0.004606
8886466,57913,20161011,AVIR,A,,1.69,49656,-0.012447
8886467,57913,20161012,AVIR,A,,1.63,40633,0.001147
8886468,57913,20161013,AVIR,A,,1.59,64843,-0.003099
8886469,57913,20161014,AVIR,A,,1.63,14722,0.000202
8886470,57913,20161017,AVIR,A,,1.56,27294,-0.003038
8886471,57913,20161018,AVIR,A,,1.52,52916,0.00616
8886472,57913,20161019,AVIR,A,,1.51,8134,0.002192
8886473,57913,20161020,AVIR,A,,1.5,4858,-0.001376
8886474,57913,20161021,AVIR,A,,1.51,4631,-8.40E-05
8886475,57913,20161024,AVIR,A,,1.42,49933,0.00475
8886476,57913,20161025,AVIR,A,,1.37,32570,-0.003798
8886477,57913,20161026,AVIR,A,,1.32,58706,-0.00174
8886478,57913,20161027,AVIR,A,,1.27,134842,-0.002987
8886479,57913,20161028,AVIR,A,,1.29,64854,-0.003108
8886480,57913,20161031,AVIR,A,,1.26,24292,-0.000122
8886481,57913,20161101,AVIR,A,,1.15,74671,-0.006787
8886482,57913,20161102,AVIR,A,,1.23,61330,-0.006525
8886483,57913,20161103,AVIR,A,,1.2,42345,-0.004423
8886484,57913,20161104,AVIR,A,,1.17,71786,-0.001666
8886485,57913,20161107,AVIR,A,,1.21,99651,0.022224
8886486,57913,20161108,AVIR,A,,1.21,86838,0.003772
8886487,57913,20161109,AVIR,A,,1.36,68800,0.011077
8886488,57913,20161110,AVIR,A,,1.4,105794,0.001951
8886489,57913,20161111,AVIR,A,,1.37,36558,-0.001398
8886490,57913,20161114,AVIR,A,,1.36,23022,-0.000116
8886491,57913,20161115,AVIR,A,,1.35,34672,0.007481
8886492,57913,20161116,AVIR,A,,1.3801,39684,-0.001582
8886493,57913,20161117,AVIR,A,,1.35,25853,0.004676
8886494,57913,20161118,AVIR,A,,1.39,20131,-0.002387
8886495,57913,20161121,AVIR,A,,1.35,34024,0.007461
8886496,57913,20161122,AVIR,A,,1.36,15735,0.002165
8886497,57913,20161123,AVIR,A,,1.45,62079,0.000808
8886498,57913,20161125,AVIR,A,,1.48,25089,0.003914
8886499,57913,20161128,AVIR,A,,1.41,35811,-0.005254
8886500,57913,20161129,AVIR,A,,1.4,21867,0.001335
8886501,57913,20161130,AVIR,A,,1.39,14479,-0.002653
8886502,57913,20161201,AVIR,A,,1.37,26536,-0.003516
8886503,57913,20161202,AVIR,A,,1.31,24257,0.000397
8886504,57913,20161205,AVIR,A,,1.31,18178,0.005821
8886505,57913,20161206,AVIR,A,,1.32,10375,0.003411
8886506,57913,20161207,AVIR,A,,1.21,49217,0.013163
8886507,57913,20161208,AVIR,A,,1.26,25785,0.002159
8886508,57913,20161209,AVIR,A,,1.32,5056,0.005939
8886509,57913,20161212,AVIR,A,,1.28,56930,-0.001137
8886510,57913,20161213,AVIR,A,,1.26,43522,0.00654
8886511,57913,20161214,AVIR,A,,1.25,43709,-0.008117
8886512,57913,20161215,AVIR,A,,1.2711,18522,0.003883
8886513,57913,20161216,AVIR,A,,1.33,53504,-0.001751
8886514,57913,20161219,AVIR,A,,1.28,20115,0.001975
8886515,57913,20161220,AVIR,A,,1.25,63903,0.003638
8886516,57913,20161221,AVIR,A,,1.26,15612,-0.002457
8886517,57913,20161222,AVIR,A,,1.1599,102639,-0.001863
8886518,57913,20161223,AVIR,A,,1.26,38276,0.001252
8886519,57913,20161227,AVIR,A,,1.272,126942,0.002248
8886520,57913,20161228,AVIR,A,,1.2799,62067,-0.008357
8886521,57913,20161229,AVIR,A,,1.27,38486,-0.000293
8886522,57913,20161230,AVIR,A,,1.23,72541,-0.004637
8886523,57913,20170103,AVIR,A,,1.21,56352,0.008487
8886524,57913,20170104,AVIR,A,,1.23,47068,0.005722
8886525,57913,20170105,AVIR,A,,1.23,39126,-0.000771
8886526,57913,20170106,AVIR,A,,1.24,13650,0.003517
8886527,57913,20170109,AVIR,A,,1.26,45474,-0.003549
8886528,57913,20170110,AVIR,A,,1.25,49932,0
8886529,57913,20170111,AVIR,A,,1.27,49270,0.00283
8886530,57913,20170112,AVIR,A,,1.2563,39937,-0.002145
8886531,57913,20170113,AVIR,A,,1.4,227012,0.00185
8886532,57913,20170117,AVIR,A,,1.38,117330,-0.002968
8886533,57913,20170118,AVIR,A,,1.39,38718,0.001764
8886534,57913,20170119,AVIR,A,,1.2899,68561,-0.003609
8886535,57913,20170120,AVIR,A,,1.3,40236,0.003366
8886536,57913,20170123,AVIR,A,,1.24,47809,-0.00269
8886537,57913,20170124,AVIR,A,,1.34,182114,0.006565
8886538,57913,20170125,AVIR,A,,1.34,53621,0.008026
8886539,57913,20170126,AVIR,A,,1.32,36615,-0.000735
8886540,57913,20170127,AVIR,A,,1.37,119555,-0.000866
8886541,57913,20170130,AVIR,A,,1.36,77527,-0.00601
8886542,57913,20170131,AVIR,A,,1.3,165495,-0.00089
8886543,57913,20170201,AVIR,A,,1.23,472551,0.000298
8886544,57913,20170202,AVIR,A,,1.19,597691,0.00057
8886545,57913,20170203,AVIR,A,,1.16,90815,0.007265
8886546,57913,20170206,AVIR,A,,1.11,108412,-0.002115
8886547,57913,20170207,AVIR,A,,1.1399,28521,0.000227
8886548,57913,20170208,AVIR,A,,1.12,173727,0.000693
8886549,57913,20170209,AVIR,A,,1.12,25125,0.005752
8886550,57913,20170210,AVIR,A,,1.14,143274,0.003566
8886551,57913,20170213,AVIR,A,,1.08,337973,0.005246
8886552,57913,20170214,AVIR,A,,0.678,1754334,0.004007
8886553,57913,20170215,AVIR,A,,0.6997,294961,0.004992
8886554,57913,20170216,AVIR,A,,0.701,153226,-0.000864
8886555,57913,20170217,AVIR,A,,0.6979,78780,0.001679
8886556,57913,20170221,AVIR,A,,0.69,131355,0.006048
8886557,57913,20170222,AVIR,A,,0.6749,94478,-0.001082
8886558,57913,20170223,AVIR,A,,0.6455,94941,0.000419
8886559,57913,20170224,AVIR,A,,0.63,36768,0.001493
8886560,57913,20170227,AVIR,A,,0.6,205863,0.001018
8886561,57913,20170228,AVIR,A,,0.5926,150712,-0.002578
8886562,57913,20170301,AVIR,A,,0.6005,152255,0.013674
8886563,57913,20170302,AVIR,A,,0.6,133721,-0.00586
8886564,57913,20170303,AVIR,A,,0.659,260546,0.000504
8886565,57913,20170306,AVIR,A,,0.601,127262,-0.003277
8886566,57913,20170307,AVIR,A,,0.59,146870,-0.002913
8886567,57913,20170308,AVIR,A,,0.6198,72387,-0.002284
8886568,57913,20170309,AVIR,A,,0.6199,33619,0.0008
8886569,57913,20170310,AVIR,A,,0.719,788652,0.003269
8886570,57913,20170313,AVIR,A,,0.7,292377,0.000367
8886571,57913,20170314,AVIR,A,,0.6597,108351,-0.003379
8886572,57913,20170315,AVIR,A,,0.63,48339,0.008375
8886573,57913,20170316,AVIR,A,,0.6937,331087,-0.001627
8886574,57913,20170317,AVIR,A,,0.649,178037,-0.001314
8886575,57913,20170320,AVIR,A,,0.66,73456,-0.00201
8886576,57913,20170321,AVIR,A,,0.63,51996,-0.012408
8886577,57913,20170322,AVIR,A,,0.6017,88334,0.00189
8886578,57913,20170323,AVIR,A,,0.6363,91920,-0.00106
8886579,57913,20170324,AVIR,A,,0.65,35643,-0.000844
8886580,57913,20170327,AVIR,A,,0.65,30126,-0.00102
8886581,57913,20170328,AVIR,A,,0.625,34759,0.007251
8886582,57913,20170329,AVIR,A,,0.6667,135444,0.001085
8886583,57913,20170330,AVIR,A,,0.66,82920,0.002935
8886584,57913,20170331,AVIR,A,,0.6517,21567,-0.002255
8886585,57913,20170403,AVIR,A,,0.656,83415,-0.001642
8886586,57913,20170404,AVIR,A,,0.618,126734,0.00056
8886587,57913,20170405,AVIR,A,,0.6,40629,-0.003055
8886588,57913,20170406,AVIR,A,,0.6009,278058,0.001929
8886589,57913,20170407,AVIR,A,,0.6049,39166,-0.000827
8886590,57913,20170410,AVIR,A,,0.5993,27601,0.000688
8886591,57913,20170411,AVIR,A,,0.592,72465,-0.001434
8886592,57913,20170412,AVIR,A,,0.5711,99417,-0.00376
8886593,57913,20170413,AVIR,A,,0.58,27896,-0.006815
8886594,57913,20170417,AVIR,A,,0.6,68353,0.008613
8886595,57913,20170418,AVIR,A,,0.5992,215594,-0.002903
8886596,57913,20170419,AVIR,A,,0.599,194391,-0.001716
8886597,57913,20170420,AVIR,A,,0.603,22819,0.007557
8886598,57913,20170421,AVIR,A,,0.6015,42236,-0.003035
8886599,57913,20170424,AVIR,A,,0.6021,35498,0.01084
8886600,57913,20170425,AVIR,A,,0.6199,16734,0.006091
8886601,57913,20170426,AVIR,A,,0.62,46870,-0.000486
8886602,57913,20170427,AVIR,A,,0.61,9615,0.000553
8886603,57913,20170428,AVIR,A,,0.5998,44823,-0.001913
8886604,57913,20170501,AVIR,A,,0.58,48042,0.001732
8886605,57913,20170502,AVIR,A,,0.5404,110611,0.001189
8886606,57913,20170503,AVIR,A,,0.55,81423,-0.001271
8886607,57913,20170504,AVIR,A,,0.5401,67299,0.000582
8886608,57913,20170505,AVIR,A,,0.5,145423,0.004089
8886609,57913,20170508,AVIR,A,,0.49,192360,3.80E-05
8886610,57913,20170509,AVIR,A,,0.49,75010,-0.001025
8886611,57913,20170510,AVIR,A,,0.4786,156100,0.001131
8886612,57913,20170511,AVIR,A,,0.476,281645,-0.002163
8886613,57913,20170512,AVIR,A,,0.5002,315492,-0.001478
8886614,57913,20170515,AVIR,A,,0.5,340171,0.004776
8886615,57913,20170516,AVIR,A,,0.5,95794,-0.000687
8886616,57913,20170517,AVIR,A,,0.495,97399,-0.018178
8886617,57913,20170518,AVIR,A,,0.49,95475,0.003687
8886618,57913,20170519,AVIR,A,,0.507,73752,0.006767
8886619,57913,20170522,AVIR,A,,0.5013,117489,0.00516
8886620,57913,20170523,AVIR,A,,0.4975,241143,0.001838
8886621,57913,20170524,AVIR,A,,0.495,102896,0.002489
8886622,57913,20170525,AVIR,A,,0.4989,76709,0.004442
8886623,57913,20170526,AVIR,A,,0.4887,220723,0.000311
8886624,57913,20170530,AVIR,A,,0.4799,60854,-0.001205
8886625,57913,20170531,AVIR,A,,0.4701,111054,-0.00046
8886626,57913,20170601,AVIR,A,,0.4612,114564,0.007571
8886627,57913,20170602,AVIR,A,,0.4415,256624,0.003708
8886628,57913,20170605,AVIR,A,,0.4592,116768,-0.001218
8886629,57913,20170606,AVIR,A,,0.46,51084,-0.002779
8886630,57913,20170607,AVIR,A,,0.4707,265842,0.001568
8886631,57913,20170608,AVIR,A,,0.4989,685078,0.000267
8886632,57913,20170609,AVIR,A,,0.505,1406254,-0.00083
8886633,57913,20170612,AVIR,A,,0.4982,312447,-0.000979
8886634,57913,20170613,AVIR,A,,0.486,415487,0.004511
8886635,57913,20170614,AVIR,A,,0.5098,873927,-0.000996
8886636,57913,20170615,AVIR,A,,0.51,1163832,-0.00224
8886637,57913,20170616,AVIR,A,,0.5399,1283669,0.000284
8886638,57913,20170619,AVIR,A,,0.5316,785882,0.008347
8886639,57913,20170620,AVIR,A,,0.5,1217664,-0.006697
8886640,57913,20170621,AVIR,A,,0.48,497881,-0.000583
8886641,57913,20170622,AVIR,A,,0.58,3895642,-0.000456
8886642,57913,20170623,AVIR,A,,0.5793,1182385,0.001561
8886643,57913,20170626,AVIR,A,,0.5793,398070,0.000316
8886644,57913,20170627,AVIR,A,,0.6197,715013,-0.008073
8886645,57913,20170628,AVIR,A,,0.6726,501835,0.008808
8886646,57913,20170629,AVIR,A,,0.6494,704122,-0.0086
8886647,57913,20170630,AVIR,A,,0.6695,1870231,0.001533
8886648,57913,20170703,AVIR,A,,0.6897,164627,0.002311
8886649,57913,20170705,AVIR,A,,0.672,408682,0.001453
8886650,57913,20170706,AVIR,A,,0.6685,275686,-0.009369
8886651,57913,20170707,AVIR,A,,0.673,461542,0.006403
8886652,57913,20170710,AVIR,A,,0.6275,328391,0.000928
8886653,57913,20170711,AVIR,A,,0.6,360253,-0.000783
8886654,57913,20170712,AVIR,A,,0.593,206631,0.007306
8886655,57913,20170713,AVIR,A,,0.573,127003,0.001875
8886656,57913,20170714,AVIR,A,,0.6052,220669,0.004674
8886657,57913,20170717,AVIR,A,,0.615,143331,-5.30E-05
8886658,57913,20170718,AVIR,A,,0.6005,75214,0.000598
8886659,57913,20170719,AVIR,A,,0.5808,123170,0.005373
8886660,57913,20170720,AVIR,A,,0.6,188461,-0.000154
8886661,57913,20170721,AVIR,A,,0.58,127205,-0.000368
8886662,57913,20170724,AVIR,A,,0.56,371858,-0.001064
8886663,57913,20170725,AVIR,A,,0.5563,109206,0.002923
8886664,57913,20170726,AVIR,A,,0.57,51971,0.000283
8886665,57913,20170727,AVIR,A,,0.554,103531,-0.000973
8886666,57913,20170728,AVIR,A,,0.53,143234,-0.001341
8886667,57913,20170731,AVIR,A,,0.55,209596,-0.000728
8886668,57913,20170801,AVIR,A,,0.5883,156844,0.002449
8886669,57913,20170802,AVIR,A,,0.5901,115638,0.000493
8886670,57913,20170803,AVIR,A,,0.6245,785343,-0.002184
8886671,57913,20170804,AVIR,A,,0.5897,151489,0.001889
8886672,57913,20170807,AVIR,A,,0.63,165159,0.001647
8886673,57913,20170808,AVIR,A,,0.614,127559,-0.002414
8886674,57913,20170809,AVIR,A,,0.6061,116174,-0.000364
8886675,57913,20170810,AVIR,A,,0.61,99694,-0.014474
8886676,57913,20170811,AVIR,A,,0.5974,116582,0.001276
8886677,57913,20170814,AVIR,A,,0.59,83464,0.010044
8886678,57913,20170815,AVIR,A,,0.58,42965,-0.000499
8886679,57913,20170816,AVIR,A,,0.589,55381,0.00142
8886680,57913,20170817,AVIR,A,,0.57,123216,-0.015437
8886681,57913,20170818,AVIR,A,,0.5963,39140,-0.001835
8886682,57913,20170821,AVIR,A,,0.581,39436,0.001163
8886683,57913,20170822,AVIR,A,,0.58,147558,0.009941
8886684,57913,20170823,AVIR,A,,0.581,142947,-0.003454
8886685,57913,20170824,AVIR,A,,0.625,181734,-0.002074
8886686,57913,20170825,AVIR,A,,0.66,239451,0.001673
8886687,57913,20170828,AVIR,A,,0.62,144991,0.000487
8886688,57913,20170829,AVIR,A,,0.6342,75540,0.000843
8886689,57913,20170830,AVIR,A,,0.6082,157495,0.004615
8886690,57913,20170831,AVIR,A,,0.628,109572,0.005721
8886691,57913,20170901,AVIR,A,,0.65,95438,0.001982
8886692,57913,20170905,AVIR,A,,0.66,147712,-0.007551
8886693,57913,20170906,AVIR,A,,0.629,45444,0.003129
8886694,57913,20170907,AVIR,A,,0.62,119613,-0.000178
8886695,57913,20170908,AVIR,A,,0.62,30915,-0.001489
8886696,57913,20170911,AVIR,A,,0.605,171960,0.010839
8886697,57913,20170912,AVIR,A,,0.64,105463,0.003364
8886698,57913,20170913,AVIR,A,,0.64,351024,0.000757
8886699,57913,20170914,AVIR,A,,0.7,405991,-0.001101
8886700,57913,20170915,AVIR,A,,0.7299,599404,0.001847
8886701,57913,20170918,AVIR,A,,0.724,239967,0.001456
8886702,57913,20170919,AVIR,A,,0.68,244983,0.00111
8886703,57913,20170920,AVIR,A,,0.6301,145737,0.000634
8886704,57913,20170921,AVIR,A,,0.625,93198,-0.003046
8886705,57913,20170922,AVIR,A,,0.65,62102,0.000648
8886706,57913,20170925,AVIR,A,,0.635,65906,-0.002222
8886707,57913,20170926,AVIR,A,,0.6469,59157,7.20E-05
8886708,57913,20170927,AVIR,A,,0.648,66271,0.004085
8886709,57913,20170928,AVIR,A,,0.65,111343,0.001205
8886710,57913,20170929,AVIR,A,,0.6851,317504,0.003705
8886711,57913,20171002,AVIR,A,,0.7369,274633,0.003874
8886712,57913,20171003,AVIR,A,,0.7085,180350,0.002159
8886713,57913,20171004,AVIR,A,,0.68,208658,0.001247
8886714,57913,20171005,AVIR,A,,0.701,156971,0.005647
8886715,57913,20171006,AVIR,A,,0.7,137126,-0.001074
8886716,57913,20171009,AVIR,A,,0.69,97581,-0.001804
8886717,57913,20171010,AVIR,A,,0.788,3196221,0.002322
8886718,57913,20171011,AVIR,A,,0.725,429718,0.001803
8886719,57913,20171012,AVIR,A,,0.731,195437,-0.001687
8886720,57913,20171013,AVIR,A,,0.7339,178804,0.000878
8886721,57913,20171016,AVIR,A,,0.705,162963,0.001751
8886722,57913,20171017,AVIR,A,,0.7396,723417,0.000672
8886723,57913,20171018,AVIR,A,,0.715,152278,0.000742
8886724,57913,20171019,AVIR,A,,0.7195,101923,0.000328
8886725,57913,20171020,AVIR,A,,0.7602,318455,0.005117
8886726,57913,20171023,AVIR,A,,0.828,551205,-0.003972
8886727,57913,20171024,AVIR,A,,0.8101,394341,0.001618
8886728,57913,20171025,AVIR,A,,0.8,222144,-0.004663
8886729,57913,20171026,AVIR,A,,0.795,132960,0.001271
8886730,57913,20171027,AVIR,A,,0.8299,87018,0.008073
8886731,57913,20171030,AVIR,A,,0.68,12871292,-0.003192
8886732,57913,20171031,AVIR,A,,0.6201,1100466,0.000944
8886733,57913,20171101,AVIR,A,,0.61,1276440,0.001592
8886734,57913,20171102,AVIR,A,,0.5985,636186,0.00019
8886735,57913,20171103,AVIR,A,,0.579,497733,0.003097
8886736,57913,20171106,AVIR,A,,0.56,295661,0.001271
8886737,57913,20171107,AVIR,A,,0.53,476904,-0.000189
8886738,57913,20171108,AVIR,A,,0.55,328686,0.001444
8886739,57913,20171109,AVIR,A,,0.535,247215,-0.003762
8886740,57913,20171110,AVIR,A,,0.5301,279806,-0.000898
8886741,57913,20171113,AVIR,A,,0.5727,1330999,0.000984
8886742,57913,20171114,AVIR,A,,0.5628,275466,-0.00231
8886743,57913,20171115,AVIR,A,,0.569,233108,-0.005526
8886744,57913,20171116,AVIR,A,,0.5694,231699,0.008196
8886745,57913,20171117,AVIR,A,,0.56,155245,-0.002626
8886746,57913,20171120,AVIR,A,,0.57,86691,0.001276
8886747,57913,20171121,AVIR,A,,0.5703,116655,0.006541
8886748,57913,20171122,AVIR,A,,0.5797,255441,-0.00075
8886749,57913,20171124,AVIR,A,,0.579,67313,0.002056
8886750,57913,20171127,AVIR,A,,0.61,1157080,-0.000384
8886751,57913,20171128,AVIR,A,,0.59,536887,0.009848
8886752,57913,20171129,AVIR,A,,0.65,1582826,-0.000369
8886753,57913,20171130,AVIR,A,,0.6383,495516,0.008191
8886754,57913,20171201,AVIR,A,,0.6211,302614,-0.002024
8886755,57913,20171204,AVIR,A,,0.5897,163369,-0.001052
8886756,57913,20171205,AVIR,A,,0.5989,149366,-0.003739
8886757,57913,20171206,AVIR,A,,0.5899,168429,-0.000114
8886758,57913,20171207,AVIR,A,,0.5899,110187,0.002932
8886759,57913,20171208,AVIR,A,,0.5901,63486,0.005506
8886760,57913,20171211,AVIR,A,,0.5845,125638,0.003202
8886761,57913,20171212,AVIR,A,,0.59,223334,0.001549
8886762,57913,20171213,AVIR,A,,0.6,145927,-0.000473
8886763,57913,20171214,AVIR,A,,0.5899,189223,-0.004071
8886764,57913,20171215,AVIR,A,,0.5893,72291,0.008974
8886765,57913,20171218,AVIR,A,,0.5862,185371,0.005363
8886766,57913,20171219,AVIR,A,,0.5886,83045,-0.00323
8886767,57913,20171220,AVIR,A,,0.5839,61798,-0.000828
8886768,57913,20171221,AVIR,A,,0.5797,195323,0.001986
8886769,57913,20171222,AVIR,A,,0.5665,193338,-0.000458
8886770,57913,20171226,AVIR,A,,0.57,586678,-0.001058
8886771,57913,20171227,AVIR,A,,0.57,172083,0.000791
8886772,57913,20171228,AVIR,A,,0.5601,325121,0.001834
8886773,57913,20171229,AVIR,A,,0.5663,143023,-0.005183
8886774,57913,20180102,AVIR,A,,0.537,381500,0.008303
8886775,57913,20180103,AVIR,A,,0.5515,344964,0.006399
8886776,57913,20180104,AVIR,A,,0.5601,131551,0.004029
8886777,57913,20180105,AVIR,A,,0.5563,124161,0.007034
8886778,57913,20180108,AVIR,A,,0.571,1217030,0.001662
8886779,57913,20180109,AVIR,A,,0.5849,182120,0.001303
8886780,57913,20180110,AVIR,A,,0.58,98900,-0.001112
8886781,57913,20180111,AVIR,A,,0.5979,168048,0.007034
8886782,57913,20180112,AVIR,A,,0.679,3009900,0.00675
8886783,57913,20180116,AVIR,A,,0.65,1167675,-0.003524
8886784,57913,20180117,AVIR,A,,0.66,276291,0.009415
8886785,57913,20180118,AVIR,A,,0.67,412627,-0.001616
8886786,57913,20180119,AVIR,A,,0.67,198537,0.004385
8886787,57913,20180122,AVIR,A,,0.61536,670714,0.008067
8886788,57913,20180123,AVIR,A,,0.6288,213752,0.002174
8886789,57913,20180124,AVIR,A,,0.6099,286010,-0.00056
8886790,57913,20180125,AVIR,A,,0.594,264296,0.000603
8886791,57913,20180126,AVIR,A,,0.6087,181764,0.011841
8886792,57913,20180129,AVIR,A,,0.6,338459,-0.006732
8886793,57913,20180130,AVIR,A,,0.582,218596,-0.010899
8886794,57913,20180131,AVIR,A,,0.5847,161419,0.000489
8886795,57913,20180201,AVIR,A,,0.593,172595,-0.000648
8886796,57913,20180202,AVIR,A,,0.61,333417,-0.021209
8886797,57913,20180205,AVIR,A,,0.627,500464,-0.040979
8886798,57913,20180206,AVIR,A,,0.62,268722,0.017441
8886799,57913,20180207,AVIR,A,,0.66,1118564,-0.005002
8886800,57913,20180208,AVIR,A,,0.79,2234119,-0.037536
8886801,57913,20180209,AVIR,A,,0.7598,2854542,0.014936
8886802,57913,20180212,AVIR,A,,0.8,902020,0.013915
8886803,57913,20180213,AVIR,A,,0.8225,754171,0.002613
19051703,84192,20000103,AVIR,A,,16.9375,667416,-0.009549
19051704,84192,20000104,AVIR,A,,19,1654552,-0.038345
19051705,84192,20000105,AVIR,A,,19.1875,687816,0.001922
19051706,84192,20000106,AVIR,A,,19.8125,604060,0.000956
19051707,84192,20000107,AVIR,A,,20.375,480246,0.02709
19051708,84192,20000110,AVIR,A,,19.8125,434957,0.01119
19051709,84192,20000111,AVIR,A,,19.0625,374722,-0.013063
19051710,84192,20000112,AVIR,A,,19,166491,-0.004386
19051711,84192,20000113,AVIR,A,,18.375,581331,0.01217
19051712,84192,20000114,AVIR,A,,18.875,445531,0.010671
19051713,84192,20000118,AVIR,A,,20.0625,916022,-0.006832
19051714,84192,20000119,AVIR,A,,20.625,876202,0.000522
19051715,84192,20000120,AVIR,A,,19.3125,454628,-0.007095
19051716,84192,20000121,AVIR,A,,18.75,634319,-0.002912
19051717,84192,20000124,AVIR,A,,20.875,679670,-0.027634
19051718,84192,20000125,AVIR,A,,23.25,620651,0.006065
19051719,84192,20000126,AVIR,A,,23.625,371168,-0.004213
19051720,84192,20000127,AVIR,A,,21.4375,142488,-0.003938
19051721,84192,20000128,AVIR,A,,21.1875,315752,-0.027457
19051722,84192,20000131,AVIR,A,,20.3125,149386,0.025218
19051723,84192,20000201,AVIR,A,,20.5625,212925,0.010628
19051724,84192,20000202,AVIR,A,,23.5,207289,-0.000114
19051725,84192,20000203,AVIR,A,,22.75,142383,0.011248
19051726,84192,20000204,AVIR,A,,23,126788,-0.000421
19051727,84192,20000207,AVIR,A,,23.8125,195977,-9.10E-05
19051728,84192,20000208,AVIR,A,,24,436092,0.012273
19051729,84192,20000209,AVIR,A,,25,524009,-0.020822
19051730,84192,20000210,AVIR,A,,26.8125,677203,0.003634
19051731,84192,20000211,AVIR,A,,26.625,379443,-0.020969
19051732,84192,20000214,AVIR,A,,26.5,282268,0.002033
19051733,84192,20000215,AVIR,A,,29.25,670699,0.008713
19051734,84192,20000216,AVIR,A,,36.625,1612598,-0.010256
19051735,84192,20000217,AVIR,A,,39.73438,1407422,0.000425
19051736,84192,20000218,AVIR,A,,42.5,1479669,-0.030376
19051737,84192,20000222,AVIR,A,,38.8125,780514,0.004517
19051738,84192,20000223,AVIR,A,,42,591611,0.006301
19051739,84192,20000224,AVIR,A,,42.4375,534582,-0.005336
19051740,84192,20000225,AVIR,A,,43,590625,-0.014829
19051741,84192,20000228,AVIR,A,,42.375,331609,0.011017
19051742,84192,20000229,AVIR,A,,40.5625,602465,0.013627
19051743,84192,20000301,AVIR,A,,39.6875,311947,0.009346
19051744,84192,20000302,AVIR,A,,42.5,349170,0.001863
19051745,84192,20000303,AVIR,A,,45.75,431888,0.019837
19051746,84192,20000306,AVIR,A,,48.8125,1810659,-0.012695
19051747,84192,20000307,AVIR,A,,44.4375,830707,-0.025631
19051748,84192,20000308,AVIR,A,,38.75,1400431,0.008173
19051749,84192,20000309,AVIR,A,,42.875,603006,0.025602
19051750,84192,20000310,AVIR,A,,39.75,337754,-0.004723
19051751,84192,20000313,AVIR,A,,37.5625,592169,-0.008207
19051752,84192,20000314,AVIR,A,,35.5,673367,-0.017685
19051753,84192,20000315,AVIR,A,,32.625,351821,0.02428
19051754,84192,20000316,AVIR,A,,34.3125,183812,0.047639
19051755,84192,20000317,AVIR,A,,34.9375,156833,0.004114
19051756,84192,20000320,AVIR,A,,31.25,280559,-0.005353
19051757,84192,20000321,AVIR,A,,32.5,525797,0.025566
19051758,84192,20000322,AVIR,A,,30.25,366462,0.004532
19051759,84192,20000323,AVIR,A,,30.375,347426,0.017799
19051760,84192,20000324,AVIR,A,,34.75,702391,7.20E-05
19051761,84192,20000327,AVIR,A,,35.125,265735,-0.002357
19051762,84192,20000328,AVIR,A,,31.48438,384908,-0.010585
19051763,84192,20000329,AVIR,A,,29.5,411274,0.000524
19051764,84192,20000330,AVIR,A,,27.6875,327091,-0.013656
19051765,84192,20000331,AVIR,A,,27.8125,307064,0.007164
19051766,84192,20000403,AVIR,A,,25.3125,285647,0.004931
19051767,84192,20000404,AVIR,A,,23.48438,690329,-0.007464
19051768,84192,20000405,AVIR,A,,25,1822539,-0.004924
19051769,84192,20000406,AVIR,A,,29,726525,0.009392
19051770,84192,20000407,AVIR,A,,29.875,372480,0.009998
19051771,84192,20000410,AVIR,A,,28.625,273884,-0.007841
19051772,84192,20000411,AVIR,A,,26.375,338261,-0.002572
19051773,84192,20000412,AVIR,A,,25.625,213070,-0.022271
19051774,84192,20000413,AVIR,A,,25.875,649606,-0.018171
19051775,84192,20000414,AVIR,A,,23.9375,512528,-0.058278
19051776,84192,20000417,AVIR,A,,23.75,384861,0.033084
19051777,84192,20000418,AVIR,A,,25.25,317294,0.028663
19051778,84192,20000419,AVIR,A,,24.3125,416073,-0.009808
19051779,84192,20000420,AVIR,A,,25,458216,0.004953
19051780,84192,20000424,AVIR,A,,23.25,234630,-0.003262
19051781,84192,20000425,AVIR,A,,24.25,77035,0.033276
19051782,84192,20000426,AVIR,A,,23.6875,71106,-0.011134
19051783,84192,20000427,AVIR,A,,23.25,107681,0.00269
19051784,84192,20000428,AVIR,A,,24.0625,182784,-0.008526
19051785,84192,20000501,AVIR,A,,25,106401,0.010892
19051786,84192,20000502,AVIR,A,,25,183129,-0.014957
19051787,84192,20000503,AVIR,A,,24.875,164942,-0.021566
19051788,84192,20000504,AVIR,A,,25.0625,202000,-0.003908
19051789,84192,20000505,AVIR,A,,24.875,99107,0.01636
19051790,84192,20000508,AVIR,A,,23.57813,132025,-0.005905
19051791,84192,20000509,AVIR,A,,23.5625,157186,-0.008447
19051792,84192,20000510,AVIR,A,,23,141987,-0.0206
19051793,84192,20000511,AVIR,A,,22.875,175052,0.017902
19051794,84192,20000512,AVIR,A,,25.01563,292765,0.009341
19051795,84192,20000515,AVIR,A,,23.25,146195,0.022098
19051796,84192,20000516,AVIR,A,,25.0625,206323,0.009419
19051797,84192,20000517,AVIR,A,,25.375,155333,-0.012442
19051798,84192,20000518,AVIR,A,,25.125,221760,-0.007315
19051799,84192,20000519,AVIR,A,,24.3125,134377,-0.021055
19051800,84192,20000522,AVIR,A,,23.1875,198060,-0.004428
19051801,84192,20000523,AVIR,A,,22.75,147422,-0.019176
19051802,84192,20000524,AVIR,A,,22.625,158782,0.018335
19051803,84192,20000525,AVIR,A,,22.1875,144764,-0.01253
19051804,84192,20000526,AVIR,A,,22.1875,141913,-0.002533
19051805,84192,20000530,AVIR,A,,25.75,132992,0.032242
19051806,84192,20000531,AVIR,A,,24.1875,141612,-0.001301
19051807,84192,20000601,AVIR,A,,25.25,80127,0.019858
19051808,84192,20000602,AVIR,A,,26.9375,144572,0.019637
19051809,84192,20000605,AVIR,A,,28.75,213464,-0.006519
19051810,84192,20000606,AVIR,A,,30.5,223991,-0.006671
19051811,84192,20000607,AVIR,A,,30.75,133646,0.009274
19051812,84192,20000608,AVIR,A,,28.25,128814,-0.006586
19051813,84192,20000609,AVIR,A,,30.5,114381,-0.003229
19051814,84192,20000612,AVIR,A,,29.375,114547,-0.007516
19051815,84192,20000613,AVIR,A,,29.375,55809,0.01621
19051816,84192,20000614,AVIR,A,,28,81019,0.000749
19051817,84192,20000615,AVIR,A,,32,376408,0.005569
19051818,84192,20000616,AVIR,A,,32.625,216247,-0.00965
19051819,84192,20000619,AVIR,A,,32.3125,143870,0.014708
19051820,84192,20000620,AVIR,A,,32.875,123752,-0.006763
19051821,84192,20000621,AVIR,A,,34.375,123600,0.002155
19051822,84192,20000622,AVIR,A,,31.25,173241,-0.01822
19051823,84192,20000623,AVIR,A,,32.0625,177864,-0.007368
19051824,84192,20000626,AVIR,A,,33.75,115553,0.009594
19051825,84192,20000627,AVIR,A,,30.5625,100549,-0.003271
19051826,84192,20000628,AVIR,A,,32,113745,0.002944
19051827,84192,20000629,AVIR,A,,30.3125,153799,-0.008544
19051828,84192,20000630,AVIR,A,,30.875,212640,0.008465
19051829,84192,20000703,AVIR,A,,30.125,49507,0.010271
19051830,84192,20000705,AVIR,A,,31.125,119623,-0.015862
19051831,84192,20000706,AVIR,A,,32.5,166336,0.007219
19051832,84192,20000707,AVIR,A,,33.625,258959,0.015261
19051833,84192,20000710,AVIR,A,,33,67023,-0.002218
19051834,84192,20000711,AVIR,A,,33.375,132089,0.003565
19051835,84192,20000712,AVIR,A,,33.4375,71197,0.00813
19051836,84192,20000713,AVIR,A,,32.125,106531,0.001956
19051837,84192,20000714,AVIR,A,,32,100614,0.009453
19051838,84192,20000717,AVIR,A,,33,93601,0.000338
19051839,84192,20000718,AVIR,A,,32.875,204407,-0.011089
19051840,84192,20000719,AVIR,A,,32.875,136891,-0.007886
19051841,84192,20000720,AVIR,A,,33.875,115464,0.009184
19051842,84192,20000721,AVIR,A,,33.75,199429,-0.010284
19051843,84192,20000724,AVIR,A,,34.125,94173,-0.010742
19051844,84192,20000725,AVIR,A,,34,149941,0.006952
19051845,84192,20000726,AVIR,A,,34.375,194397,-0.014955
19051846,84192,20000727,AVIR,A,,32.98438,176788,-0.001928
19051847,84192,20000728,AVIR,A,,30.5,171499,-0.020509
19051848,84192,20000731,AVIR,A,,28.75,246777,0.007705
19051849,84192,20000801,AVIR,A,,31.25,153479,0.005081
19051850,84192,20000802,AVIR,A,,30.6875,76040,0.000417
19051851,84192,20000803,AVIR,A,,31.5,108023,0.009634
19051852,84192,20000804,AVIR,A,,32,57427,0.007139
19051853,84192,20000807,AVIR,A,,33.125,82119,0.011204
19051854,84192,20000808,AVIR,A,,32.625,61897,0.002352
19051855,84192,20000809,AVIR,A,,32.5,80101,-0.006697
19051856,84192,20000810,AVIR,A,,30.6875,259661,-0.008568
19051857,84192,20000811,AVIR,A,,30.875,48509,0.007937
19051858,84192,20000814,AVIR,A,,30.875,67346,0.013398
19051859,84192,20000815,AVIR,A,,31,76436,-0.00478
19051860,84192,20000816,AVIR,A,,30.625,230662,-0.003085
19051861,84192,20000817,AVIR,A,,30.3125,120421,0.010961
19051862,84192,20000818,AVIR,A,,29.4375,64236,-0.002908
19051863,84192,20000821,AVIR,A,,30.1875,118705,0.005202
19051864,84192,20000822,AVIR,A,,32.8125,169382,-0.0009
19051865,84192,20000823,AVIR,A,,34,155630,0.005233
19051866,84192,20000824,AVIR,A,,39.6875,629011,0.001554
19051867,84192,20000825,AVIR,A,,40.75,718610,-0.001233
19051868,84192,20000828,AVIR,A,,43.375,501207,0.005072
19051869,84192,20000829,AVIR,A,,41.9375,455128,-0.002807
19051870,84192,20000830,AVIR,A,,42.0625,119348,-0.004802
19051871,84192,20000831,AVIR,A,,45,469278,0.010043
19051872,84192,20000901,AVIR,A,,44,310150,0.002036
19051873,84192,20000905,AVIR,A,,41.875,214960,-0.009002
19051874,84192,20000906,AVIR,A,,40,272521,-0.00984
19051875,84192,20000907,AVIR,A,,41.875,213272,0.006876
19051876,84192,20000908,AVIR,A,,43.625,329606,-0.005331
19051877,84192,20000911,AVIR,A,,43.75,217551,-0.003506
19051878,84192,20000912,AVIR,A,,44.4375,140976,-0.004882
19051879,84192,20000913,AVIR,A,,45.0625,673830,0.00197
19051880,84192,20000914,AVIR,A,,49.6875,1521185,-0.002721
19051881,84192,20000915,AVIR,A,,51.375,720134,-0.01017
19051882,84192,20000918,AVIR,A,,52.5,1007447,-0.014531
19051883,84192,20000919,AVIR,A,,52,528785,0.010654
19051884,84192,20000920,AVIR,A,,51.0625,787707,-0.005863
19051885,84192,20000921,AVIR,A,,51,207200,-0.001578
19051886,84192,20000922,AVIR,A,,52.875,715874,-0.000228
19051887,84192,20000925,AVIR,A,,55.4375,607593,-0.006689
19051888,84192,20000926,AVIR,A,,54.375,570923,-0.008214
19051889,84192,20000927,AVIR,A,,54.25,197404,-0.000448
19051890,84192,20000928,AVIR,A,,53.75,453464,0.022235
19051891,84192,20000929,AVIR,A,,58.3125,571892,-0.014935
19051892,84192,20001002,AVIR,A,,56.4375,451575,-0.000195
19051893,84192,20001003,AVIR,A,,51.4375,287550,-0.006803
19051894,84192,20001004,AVIR,A,,55,275268,0.00551
19051895,84192,20001005,AVIR,A,,54.8125,408551,0.001367
19051896,84192,20001006,AVIR,A,,51.5,333759,-0.019
19051897,84192,20001009,AVIR,A,,50.125,211775,-0.00494
19051898,84192,20001010,AVIR,A,,47.5,425777,-0.010706
19051899,84192,20001011,AVIR,A,,49.5,614136,-0.016171
19051900,84192,20001012,AVIR,A,,50.6875,382010,-0.025509
19051901,84192,20001013,AVIR,A,,50.75,228480,0.033381
19051902,84192,20001016,AVIR,A,,55.625,294563,0.000327
19051903,84192,20001017,AVIR,A,,56.6875,139762,-0.017932
19051904,84192,20001018,AVIR,A,,56.8125,280911,-0.005808
19051905,84192,20001019,AVIR,A,,58,237446,0.034743
19051906,84192,20001020,AVIR,A,,60.67188,221589,0.005883
19051907,84192,20001023,AVIR,A,,60.625,130920,-0.000823
19051908,84192,20001024,AVIR,A,,60.8125,250555,0.001684
19051909,84192,20001025,AVIR,A,,57.0625,90919,-0.023767
19051910,84192,20001026,AVIR,A,,63.1875,237172,-0.000337
19051911,84192,20001027,AVIR,A,,62.625,292911,0.011096
19051912,84192,20001030,AVIR,A,,64.4375,267185,0.01383
19051913,84192,20001031,AVIR,A,,65.375,493095,0.021978
19051914,84192,20001101,AVIR,A,,69.5625,657762,-0.005723
19051915,84192,20001102,AVIR,A,,68.25,449718,0.004996
19051916,84192,20001103,AVIR,A,,66,403517,-0.001141
19051917,84192,20001106,AVIR,A,,62.3125,525700,0.003855
19051918,84192,20001107,AVIR,A,,66,254690,-0.000223
19051919,84192,20001108,AVIR,A,,62.5,233082,-0.015777
19051920,84192,20001109,AVIR,A,,61.875,269322,-0.006486
19051921,84192,20001110,AVIR,A,,60.4375,166949,-0.024398
19051922,84192,20001113,AVIR,A,,52.5625,588347,-0.010776
19051923,84192,20001114,AVIR,A,,57.9375,478853,0.023452
19051924,84192,20001115,AVIR,A,,57.625,130317,0.00496
19051925,84192,20001116,AVIR,A,,56.9375,227915,-0.012584
19051926,84192,20001117,AVIR,A,,55.75,266244,-0.003352
19051927,84192,20001120,AVIR,A,,52.125,294690,-0.018352
19051928,84192,20001121,AVIR,A,,49.875,287721,0.003523
19051929,84192,20001122,AVIR,A,,51.375,301644,-0.018548
19051930,84192,20001124,AVIR,A,,55.5,96353,0.014678
19051931,84192,20001127,AVIR,A,,58.75,503958,0.005366
19051932,84192,20001128,AVIR,A,,53.875,183816,-0.009548
19051933,84192,20001129,AVIR,A,,53.125,80822,0.004371
19051934,84192,20001130,AVIR,A,,53,149152,-0.020105
19051935,84192,20001201,AVIR,A,,54,204375,0.000213
19051936,84192,20001204,AVIR,A,,49.375,203820,0.007406
19051937,84192,20001205,AVIR,A,,57.875,354294,0.038922
19051938,84192,20001206,AVIR,A,,55.125,240829,-0.01822
19051939,84192,20001207,AVIR,A,,56.875,188290,-0.005853
19051940,84192,20001208,AVIR,A,,60.5,202853,0.019605
19051941,84192,20001211,AVIR,A,,64.5,1416324,0.007526
19051942,84192,20001212,AVIR,A,,63.5,381053,-0.006535
19051943,84192,20001213,AVIR,A,,64.25,402508,-0.008161
19051944,84192,20001214,AVIR,A,,63.4375,192495,-0.014015
19051945,84192,20001215,AVIR,A,,63.125,233114,-0.021463
19051946,84192,20001218,AVIR,A,,63.5,465013,0.008071
19051947,84192,20001219,AVIR,A,,61.4375,225987,-0.012958
19051948,84192,20001220,AVIR,A,,58,441055,-0.031296
19051949,84192,20001221,AVIR,A,,56.5,370216,0.008002
19051950,84192,20001222,AVIR,A,,63.875,280515,0.024403
19051951,84192,20001226,AVIR,A,,64.5,406489,0.00706
19051952,84192,20001227,AVIR,A,,67.875,238096,0.01044
19051953,84192,20001228,AVIR,A,,69.9375,338080,0.003988
19051954,84192,20001229,AVIR,A,,66.8125,488052,-0.010448
19051955,84192,20010102,AVIR,A,,63.3125,331878,-0.028032
19051956,84192,20010103,AVIR,A,,63.4375,785667,0.050099
19051957,84192,20010104,AVIR,A,,62.4375,195035,-0.010552
19051958,84192,20010105,AVIR,A,,54.625,558687,-0.026242
19051959,84192,20010108,AVIR,A,,50.4375,673622,-0.001918
19051960,84192,20010109,AVIR,A,,50.8125,307245,0.003812
19051961,84192,20010110,AVIR,A,,53.625,384231,0.009586
19051962,84192,20010111,AVIR,A,,53.75,235855,0.010318
19051963,84192,20010112,AVIR,A,,52.875,456254,-0.006406
19051964,84192,20010116,AVIR,A,,53.4375,444335,0.006319
19051965,84192,20010117,AVIR,A,,51.0625,323020,0.002126
19051966,84192,20010118,AVIR,A,,50.875,254545,0.013915
19051967,84192,20010119,AVIR,A,,50.4375,691793,-0.004028
19051968,84192,20010122,AVIR,A,,52.375,307484,0.000268
19051969,84192,20010123,AVIR,A,,57,1142881,0.013032
19051970,84192,20010124,AVIR,A,,56.25,343813,0.002867
19051971,84192,20010125,AVIR,A,,54,398948,-0.004977
19051972,84192,20010126,AVIR,A,,52.6875,255307,-0.001886
19051973,84192,20010129,AVIR,A,,52.75,529257,0.006805
19051974,84192,20010130,AVIR,A,,52.9375,391852,0.007008
19051975,84192,20010131,AVIR,A,,51.375,575923,-0.00562
19051976,84192,20010201,AVIR,A,,50.0625,1190717,0.005461
19051977,84192,20010202,AVIR,A,,50,3816158,-0.017474
19051978,84192,20010205,AVIR,A,,48.4375,1546253,0.003587
19051979,84192,20010206,AVIR,A,,49.9375,971685,-0.001514
19051980,84192,20010207,AVIR,A,,50.125,744454,-0.008408
19051981,84192,20010208,AVIR,A,,49.875,324554,-0.006235
19051982,84192,20010209,AVIR,A,,49.5625,243534,-0.013336
19051983,84192,20010212,AVIR,A,,49,490664,0.011827
19051984,84192,20010213,AVIR,A,,49,731345,-0.008652
19051985,84192,20010214,AVIR,A,,47.25,399847,-0.002184
19051986,84192,20010215,AVIR,A,,47.125,298083,0.008124
19051987,84192,20010216,AVIR,A,,46.25,409469,-0.018905
19051988,84192,20010220,AVIR,A,,44.5625,772375,-0.017357
19051989,84192,20010221,AVIR,A,,45.125,478374,-0.018508
19051990,84192,20010222,AVIR,A,,43.9375,437438,-0.001952
19051991,84192,20010223,AVIR,A,,44.875,448510,-0.005555
19051992,84192,20010226,AVIR,A,,44.6875,552593,0.01749
19051993,84192,20010227,AVIR,A,,43.125,511233,-0.00766
19051994,84192,20010228,AVIR,A,,41.9375,448660,-0.014309
19051995,84192,20010301,AVIR,A,,39.3125,682306,0.00104
19051996,84192,20010302,AVIR,A,,37.875,585475,-0.00568
19051997,84192,20010305,AVIR,A,,36.4375,375775,0.005858
19051998,84192,20010306,AVIR,A,,38.5,1416315,0.009981
19051999,84192,20010307,AVIR,A,,37.75,441315,0.006452
19052000,84192,20010308,AVIR,A,,33.75,871242,0.002259
19052001,84192,20010309,AVIR,A,,35.3125,1107048,-0.024764
19052002,84192,20010312,AVIR,A,,31.75,833804,-0.043181
19052003,84192,20010313,AVIR,A,,31.4375,921041,0.014829
19052004,84192,20010314,AVIR,A,,30.5,696839,-0.025842
19052005,84192,20010315,AVIR,A,,34.25,740824,0.005871
19052006,84192,20010316,AVIR,A,,33,471332,-0.019624
19052007,84192,20010319,AVIR,A,,35.5625,293845,0.017627
19052008,84192,20010320,AVIR,A,,32.875,548650,-0.024077
19052009,84192,20010321,AVIR,A,,29.8125,506784,-0.017924
19052010,84192,20010322,AVIR,A,,29.8125,798927,-0.004064
19052011,84192,20010323,AVIR,A,,35.75,1083531,0.019909
19052012,84192,20010326,AVIR,A,,39,762087,0.011282
19052013,84192,20010327,AVIR,A,,39,738327,0.025575
19052014,84192,20010328,AVIR,A,,39.1875,717329,-0.02443
19052015,84192,20010329,AVIR,A,,40.5625,575644,-0.00463
19052016,84192,20010330,AVIR,A,,41.5625,624360,0.010784
19052017,84192,20010402,AVIR,A,,37.75,442094,-0.012462
19052018,84192,20010403,AVIR,A,,35.625,626355,-0.034393
19052019,84192,20010404,AVIR,A,,36,332761,-0.002901
19052020,84192,20010405,AVIR,A,,41.5,415888,0.04368
19052021,84192,20010406,AVIR,A,,41.125,488989,-0.019984
19052022,84192,20010409,AVIR,A,,43.86,380507,0.008117
19052023,84192,20010410,AVIR,A,,46.22,464854,0.027066
19052024,84192,20010411,AVIR,A,,47.05,847413,-0.002131
19052025,84192,20010412,AVIR,A,,49.67,491943,0.015104
19052026,84192,20010416,AVIR,A,,47.5,326632,-0.003228
19052027,84192,20010417,AVIR,A,,46.5,603633,0.010282
19052028,84192,20010418,AVIR,A,,50.99,520724,0.03889
19052029,84192,20010419,AVIR,A,,48.05,625614,0.012551
19052030,84192,20010420,AVIR,A,,44.8875,516179,-0.008551
19052031,84192,20010423,AVIR,A,,44.24,198145,-0.01498
19052032,84192,20010424,AVIR,A,,42.25,475508,-0.012161
19052033,84192,20010425,AVIR,A,,45.9,522662,0.015941
19052034,84192,20010426,AVIR,A,,47.09,421395,0.004696
19052035,84192,20010427,AVIR,A,,46.77,267082,0.01501
19052036,84192,20010430,AVIR,A,,49.21,360296,-0.002865
19052037,84192,20010501,AVIR,A,,46.85,369371,0.01359
19052038,84192,20010502,AVIR,A,,47.9,232527,0.000782
19052039,84192,20010503,AVIR,A,,45.9,229283,-0.014873
19052040,84192,20010504,AVIR,A,,46.55,271325,0.01444
19052041,84192,20010507,AVIR,A,,46.6,611783,-0.002447
19052042,84192,20010508,AVIR,A,,45.2,304366,-0.001828
19052043,84192,20010509,AVIR,A,,47.02,413370,-0.004488
19052044,84192,20010510,AVIR,A,,46.65,293265,-0.000287
19052045,84192,20010511,AVIR,A,,45.15,63892,-0.007577
19052046,84192,20010514,AVIR,A,,43.07,373587,0.002609
19052047,84192,20010515,AVIR,A,,45.01,468972,0.000416
19052048,84192,20010516,AVIR,A,,44.45,782580,0.028453
19052049,84192,20010517,AVIR,A,,45.91,686053,0.002724
19052050,84192,20010518,AVIR,A,,48.61,824858,0.002693
19052051,84192,20010521,AVIR,A,,49.87,356818,0.016154
19052052,84192,20010522,AVIR,A,,50.31,611940,-0.002628
19052053,84192,20010523,AVIR,A,,47.61,1171254,-0.015526
19052054,84192,20010524,AVIR,A,,49.16,468880,0.003196
19052055,84192,20010525,AVIR,A,,54.03,962809,-0.011816
19052056,84192,20010529,AVIR,A,,52.4,525892,-0.007794
19052057,84192,20010530,AVIR,A,,51,273525,-0.015655
19052058,84192,20010531,AVIR,A,,53.9,631187,0.006202
19052059,84192,20010601,AVIR,A,,57.33,1088300,0.003862
19052060,84192,20010604,AVIR,A,,61.81,1263203,0.005108
19052061,84192,20010605,AVIR,A,,62.5,1150829,0.01299
19052062,84192,20010606,AVIR,A,,61.03,586170,-0.010549
19052063,84192,20010607,AVIR,A,,62.69,551026,0.005457
19052064,84192,20010608,AVIR,A,,60.17,207227,-0.009397
19052065,84192,20010611,AVIR,A,,61.3,437907,-0.008356
19052066,84192,20010612,AVIR,A,,59.78,308279,0.001164
19052067,84192,20010613,AVIR,A,,59.2,392079,-0.011347
19052068,84192,20010614,AVIR,A,,58.65,243944,-0.017502
19052069,84192,20010615,AVIR,A,,60.41,347439,-0.004517
19052070,84192,20010618,AVIR,A,,58,173447,-0.004883
19052071,84192,20010619,AVIR,A,,55.67,310376,0.003434
19052072,84192,20010620,AVIR,A,,55.5,953587,0.008709
19052073,84192,20010621,AVIR,A,,58.86,257037,0.011364
19052074,84192,20010622,AVIR,A,,57.54,362648,-0.00945
19052075,84192,20010625,AVIR,A,,53.7,515815,-0.005509
19052076,84192,20010626,AVIR,A,,53.49,449049,-0.00151
19052077,84192,20010627,AVIR,A,,54.78,344958,-0.004676
19052078,84192,20010628,AVIR,A,,56.21,287602,0.012493
19052079,84192,20010629,AVIR,A,,57,1152210,-0.001452
19052080,84192,20010702,AVIR,A,,55.3,330607,0.010037
19052081,84192,20010703,AVIR,A,,55,154693,-0.001827
19052082,84192,20010705,AVIR,A,,52.71,309400,-0.012321
19052083,84192,20010706,AVIR,A,,51.45,770346,-0.023498
19052084,84192,20010709,AVIR,A,,49.93,552482,0.006879
19052085,84192,20010710,AVIR,A,,43.53,1647438,-0.014398
19052086,84192,20010711,AVIR,A,,46.39,1505343,-0.001134
19052087,84192,20010712,AVIR,A,,45.54,546976,0.023691
19052088,84192,20010713,AVIR,A,,47.44,609313,0.006241
19052089,84192,20010716,AVIR,A,,43.96,995065,-0.010883
19052090,84192,20010717,AVIR,A,,44.21,799474,0.009971
19052091,84192,20010718,AVIR,A,,42.01,766027,-0.005542
19052092,84192,20010719,AVIR,A,,37.96,4248144,0.006053
19052093,84192,20010720,AVIR,A,,37,1742426,-0.003432
19052094,84192,20010723,AVIR,A,,38.33,2111545,-0.016369
19052095,84192,20010724,AVIR,A,,35.85,1496567,-0.016272
19052096,84192,20010725,AVIR,A,,40.8,5594527,0.01608
19052097,84192,20010726,AVIR,A,,,,0.010449
19052098,84192,20010727,AVIR,A,,,,0.002402
19052099,84192,20010730,AVIR,A,,27.21,11724654,-0.001078
19052100,84192,20010731,AVIR,A,,26.3,3040095,0.005571
19052101,84192,20010801,AVIR,A,,23.5,3363689,0.00388
19052102,84192,20010802,AVIR,A,,24.29,1256431,0.003964
19052103,84192,20010803,AVIR,A,,26.15,2277447,-0.005243
19052104,84192,20010806,AVIR,A,,27.45,2503263,-0.011422
19052105,84192,20010807,AVIR,A,,27.67,1034085,0.003265
19052106,84192,20010808,AVIR,A,,26.85,846733,-0.017328
19052107,84192,20010809,AVIR,A,,26.19,448919,-8.40E-05
19052108,84192,20010810,AVIR,A,,26.64,760801,0.005687
19052109,84192,20010813,AVIR,A,,29.15,1286998,0.000949
19052110,84192,20010814,AVIR,A,,27.89,534607,-0.003828
19052111,84192,20010815,AVIR,A,,26.95,360897,-0.007339
19052112,84192,20010816,AVIR,A,,28.1,623229,0.00309
19052113,84192,20010817,AVIR,A,,27.99,483296,-0.016663
19052114,84192,20010820,AVIR,A,,27.3,503071,0.008124
19052115,84192,20010821,AVIR,A,,25.64,485637,-0.012079
19052116,84192,20010822,AVIR,A,,24.95,1218259,0.006956
19052117,84192,20010823,AVIR,A,,25.7,754366,-0.002763
19052118,84192,20010824,AVIR,A,,26.47,568922,0.019654
19052119,84192,20010827,AVIR,A,,25.61,627590,-0.004827
19052120,84192,20010828,AVIR,A,,24.3,747131,-0.01501
19052121,84192,20010829,AVIR,A,,22.91,1018582,-0.011115
19052122,84192,20010830,AVIR,A,,23.4,923134,-0.017038
19052123,84192,20010831,AVIR,A,,22.39,667996,0.00403
19052124,84192,20010904,AVIR,A,,24.3,2843203,-0.000565
19052125,84192,20010905,AVIR,A,,25.29,1727214,-0.001059
19052126,84192,20010906,AVIR,A,,25.11,743758,-0.02239
19052127,84192,20010907,AVIR,A,,25.01,882048,-0.018637
19052128,84192,20010910,AVIR,A,,24.59,495399,0.006226
19052129,84192,20010917,AVIR,A,,23.53,569661,-0.049216
19052130,84192,20010918,AVIR,A,,21.69,572949,-0.005805
19052131,84192,20010919,AVIR,A,,20.81,1090086,-0.016112
19052132,84192,20010920,AVIR,A,,20.99,698809,-0.03106
19052133,84192,20010921,AVIR,A,,20.02,926726,-0.019034
19052134,84192,20010924,AVIR,A,,21.95,664487,0.038983
19052135,84192,20010925,AVIR,A,,22.16,574619,0.00879
19052136,84192,20010926,AVIR,A,,22.8,846979,-0.005167
19052137,84192,20010927,AVIR,A,,24.32,844052,0.011489
19052138,84192,20010928,AVIR,A,,24.89,1274536,0.021922
19052139,84192,20011001,AVIR,A,,25.48,496459,-0.002296
19052140,84192,20011002,AVIR,A,,25.45,363823,0.012306
19052141,84192,20011003,AVIR,A,,25.98,492439,0.019927
19052142,84192,20011004,AVIR,A,,25.82,556549,-0.002471
19052143,84192,20011005,AVIR,A,,26.32,545589,0.001636
19052144,84192,20011008,AVIR,A,,26.45,471669,-0.008344
19052145,84192,20011009,AVIR,A,,26.693,230876,-0.005356
19052146,84192,20011010,AVIR,A,,29.44,1032359,0.022938
19052147,84192,20011011,AVIR,A,,30.8,1607676,0.015208
19052148,84192,20011012,AVIR,A,,29.1,808139,-0.005267
19052149,84192,20011015,AVIR,A,,28.9,664935,-0.00153
19052150,84192,20011016,AVIR,A,,29.35,761305,0.006936
19052151,84192,20011017,AVIR,A,,27.6,401469,-0.018633
19052152,84192,20011018,AVIR,A,,27.9,434589,-0.007873
19052153,84192,20011019,AVIR,A,,28.94,330024,0.004557
19052154,84192,20011022,AVIR,A,,31.32,694676,0.015296
19052155,84192,20011023,AVIR,A,,32.95,1192203,-0.004698
19052156,84192,20011024,AVIR,A,,34.63,820703,0.000387
19052157,84192,20011025,AVIR,A,,34.54,1070429,0.013721
19052158,84192,20011026,AVIR,A,,36.3,908347,0.004109
19052159,84192,20011029,AVIR,A,,34.56,840482,-0.023818
19052160,84192,20011030,AVIR,A,,33.29,318479,-0.017166
19052161,84192,20011031,AVIR,A,,33.3,711865,-9.00E-06
19052162,84192,20011101,AVIR,A,,33.14,481150,0.022948
19052163,84192,20011102,AVIR,A,,32.05,236321,0.00286
19052164,84192,20011105,AVIR,A,,32.54,386062,0.014386
19052165,84192,20011106,AVIR,A,,34.88,440430,0.014526
19052166,84192,20011107,AVIR,A,,33.38,303931,-0.002735
19052167,84192,20011108,AVIR,A,,33.01,125936,0.002456
19052168,84192,20011109,AVIR,A,,31.72,345655,0.001582
19052169,84192,20011112,AVIR,A,,33.59,445349,-0.001767
19052170,84192,20011113,AVIR,A,,34.44,211483,0.018563
19052171,84192,20011114,AVIR,A,,34.01,149617,0.001861
19052172,84192,20011115,AVIR,A,,34.01,161645,0.000903
19052173,84192,20011116,AVIR,A,,34.06,257657,-0.003143
19052174,84192,20011119,AVIR,A,,37.25,540343,0.010899
19052175,84192,20011120,AVIR,A,,35.27,395009,-0.007298
19052176,84192,20011121,AVIR,A,,35.91,345467,-0.004927
19052177,84192,20011123,AVIR,A,,35.46,114527,0.011706
19052178,84192,20011126,AVIR,A,,36.59,426783,0.006155
19052179,84192,20011127,AVIR,A,,37.08,253803,-0.006843
19052180,84192,20011128,AVIR,A,,35.68,219979,-0.018251
19052181,84192,20011129,AVIR,A,,35.59,288653,0.01035
19052182,84192,20011130,AVIR,A,,37.05,175055,-0.000658
19052183,84192,20011203,AVIR,A,,41.42,10726764,-0.008381
19052184,84192,20011204,AVIR,A,,45.15,4450357,0.013187
19052185,84192,20011205,AVIR,A,,48.77,3218193,0.022318
19052186,84192,20011206,AVIR,A,,47.76,2733836,-0.002777
19052187,84192,20011207,AVIR,A,,47.43,2064008,-0.007531
19052188,84192,20011210,AVIR,A,,46.48,1898677,-0.015868
19052189,84192,20011211,AVIR,A,,46.03,1270122,-0.002781
19052190,84192,20011212,AVIR,A,,45.55,940357,0.000273
19052191,84192,20011213,AVIR,A,,46.23,1293965,-0.015558
19052192,84192,20011214,AVIR,A,,47.14,1119229,0.003314
19052193,84192,20011217,AVIR,A,,48.93,1813240,0.010035
19052194,84192,20011218,AVIR,A,,49.66,867858,0.007546
19052195,84192,20011219,AVIR,A,,49.6,517299,0.00581
19052196,84192,20011220,AVIR,A,,48.56,1403041,-0.008377
19052197,84192,20011221,AVIR,A,,48.41,1828451,0.004351
19052198,84192,20011224,AVIR,A,,49.14,517462,-0.00021
19052199,84192,20011226,AVIR,A,,50.55,786099,0.004124
19052200,84192,20011227,AVIR,A,,50.71,284278,0.006752
19052201,84192,20011228,AVIR,A,,51.56,761597,0.003362
19052202,84192,20011231,AVIR,A,,49.73,577857,-0.011145
19052203,84192,20020102,AVIR,A,,49.4,1184442,0.00574
19052204,84192,20020103,AVIR,A,,50.62,2139172,0.00918
19052205,84192,20020104,AVIR,A,,50.15,1561465,0.006213
19052206,84192,20020107,AVIR,A,,48.68,1049871,-0.006499
19052207,84192,20020108,AVIR,A,,48.86,1062464,-0.003588
19052208,84192,20020109,AVIR,A,,48.85,1206849,-0.004799
19052209,84192,20020110,AVIR,A,,50.66,988833,0.001221
19052210,84192,20020111,AVIR,A,,50.33,309474,-0.009468
19052211,84192,20020114,AVIR,A,,49.55,264929,-0.006276
19052212,84192,20020115,AVIR,A,,49.82,393011,0.006834
19052213,84192,20020116,AVIR,A,-1,,,-0.016245